clusters,Extroversion,Neuroticism,Agreeableness,Conscientiousness,Openness
0,2.9982225293710942,2.631531444367612,2.9482356599861324,3.0296219765030945,3.255964754664641
1,3.074602453899129,3.4358534471193676,3.307532995552666,3.2210578183206513,3.3666928085689993
2,3.088855280628978,2.4268348181571944,3.2142091315299206,3.114448796989712,3.3374726588540224
3,3.0574251680571236,2.986023889290274,3.1943380630187743,3.1596405658106095,3.236794652827873
4,2.9707530525617187,3.662608229834262,3.1600753460152147,3.1813160514961694,3.2506885368082563
